{"initial_reset_timestamp": 1557118206.3064566, "timestamps": [1557118213.8005972], "episode_lengths": [1000], "episode_rewards": [1000.0], "episode_types": ["t"]}