{"initial_reset_timestamp": 1557118043.4594488, "timestamps": [1557118043.6389887], "episode_lengths": [7], "episode_rewards": [7.0], "episode_types": ["t"]}