{"initial_reset_timestamp": 1557091898.6910255, "timestamps": [1557091899.1010685], "episode_lengths": [41], "episode_rewards": [41.0], "episode_types": ["t"]}