{"initial_reset_timestamp": 1557118078.7656963, "timestamps": [1557118081.7273443], "episode_lengths": [1000], "episode_rewards": [1000.0], "episode_types": ["t"]}