{"initial_reset_timestamp": 1557091618.9002764, "timestamps": [1557091619.0562005], "episode_lengths": [3], "episode_rewards": [3.0], "episode_types": ["t"]}