{"initial_reset_timestamp": 1557089233.5724092, "timestamps": [1557089233.7931678], "episode_lengths": [11], "episode_rewards": [11.0], "episode_types": ["t"]}