{"initial_reset_timestamp": 1557089909.7530262, "timestamps": [1557089909.9172654], "episode_lengths": [4], "episode_rewards": [4.0], "episode_types": ["t"]}