{"initial_reset_timestamp": 1557090111.567435, "timestamps": [1557090111.7807004], "episode_lengths": [10], "episode_rewards": [10.0], "episode_types": ["t"]}