{"initial_reset_timestamp": 1557089059.0062501, "timestamps": [1557089059.1709626], "episode_lengths": [3], "episode_rewards": [3.0], "episode_types": ["t"]}