{"initial_reset_timestamp": 1557090810.0041697, "timestamps": [1557090810.1743317], "episode_lengths": [4], "episode_rewards": [4.0], "episode_types": ["t"]}