{"initial_reset_timestamp": 1557089789.5802548, "timestamps": [1557089789.841165], "episode_lengths": [15], "episode_rewards": [15.0], "episode_types": ["t"]}