{"initial_reset_timestamp": 1557089631.3466778, "timestamps": [1557089631.5532358], "episode_lengths": [8], "episode_rewards": [8.0], "episode_types": ["t"]}