{"initial_reset_timestamp": 1557121607.1334825, "timestamps": [1557121616.6975124], "episode_lengths": [1000], "episode_rewards": [963.9311919005108], "episode_types": ["t"]}