{"initial_reset_timestamp": 1557091975.0617452, "timestamps": [1557091983.3781245], "episode_lengths": [1000], "episode_rewards": [-7376.57434247452], "episode_types": ["t"]}