{"initial_reset_timestamp": 1557118220.373413, "timestamps": [1557118228.6882937], "episode_lengths": [1000], "episode_rewards": [-4021.270938388341], "episode_types": ["t"]}