{"initial_reset_timestamp": 1557092050.0918558, "timestamps": [1557092058.48377], "episode_lengths": [1000], "episode_rewards": [-7918.057471258361], "episode_types": ["t"]}