{"initial_reset_timestamp": 1557092952.8965464, "timestamps": [1557092961.397999], "episode_lengths": [1000], "episode_rewards": [-6028.486808422677], "episode_types": ["t"]}