{"initial_reset_timestamp": 1557096687.4454844, "timestamps": [1557096696.048154], "episode_lengths": [1000], "episode_rewards": [-11063.21720845729], "episode_types": ["t"]}