{"initial_reset_timestamp": 1557077143.202736, "timestamps": [1557077143.8148978], "episode_lengths": [20], "episode_rewards": [20.0], "episode_types": ["t"]}