{"initial_reset_timestamp": 1557091720.5580175, "timestamps": [1557091723.90932], "episode_lengths": [200], "episode_rewards": [200.0], "episode_types": ["t"]}