{"initial_reset_timestamp": 1557077167.5555007, "timestamps": [1557077169.7634602], "episode_lengths": [131], "episode_rewards": [131.0], "episode_types": ["t"]}