{"initial_reset_timestamp": 1557117134.3206103, "timestamps": [1557117137.6642337], "episode_lengths": [200], "episode_rewards": [200.0], "episode_types": ["t"]}