{"initial_reset_timestamp": 1557117113.1781788, "timestamps": [1557117113.6746678], "episode_lengths": [13], "episode_rewards": [13.0], "episode_types": ["t"]}