{"initial_reset_timestamp": 1557087958.674597, "timestamps": [1557087959.3237116], "episode_lengths": [22], "episode_rewards": [22.0], "episode_types": ["t"]}