{"initial_reset_timestamp": 1557079685.4283714, "timestamps": [1557079685.9715564], "episode_lengths": [16], "episode_rewards": [16.0], "episode_types": ["t"]}