{"initial_reset_timestamp": 1557079711.0521173, "timestamps": [1557079714.431408], "episode_lengths": [200], "episode_rewards": [200.0], "episode_types": ["t"]}