{"initial_reset_timestamp": 1557076621.61733, "timestamps": [1557076623.5093539], "episode_lengths": [112], "episode_rewards": [112.0], "episode_types": ["t"]}