{"initial_reset_timestamp": 1557076598.2782803, "timestamps": [1557076598.86829], "episode_lengths": [19], "episode_rewards": [19.0], "episode_types": ["t"]}