{"initial_reset_timestamp": 1557091696.534803, "timestamps": [1557091697.0803142], "episode_lengths": [14], "episode_rewards": [14.0], "episode_types": ["t"]}