{"initial_reset_timestamp": 1556119023.6090488, "timestamps": [1556119025.883237], "episode_lengths": [1024], "episode_rewards": [-21.0], "episode_types": ["t"]}