{"initial_reset_timestamp": 1556124847.3831007, "timestamps": [1556124849.2757847], "episode_lengths": [1027], "episode_rewards": [-21.0], "episode_types": ["t"]}