{"initial_reset_timestamp": 1556112166.3492787, "timestamps": [1556112168.521131], "episode_lengths": [1010], "episode_rewards": [-21.0], "episode_types": ["t"]}