{"initial_reset_timestamp": 1556123143.239097, "timestamps": [1556123145.3879092], "episode_lengths": [1205], "episode_rewards": [-21.0], "episode_types": ["t"]}