{"initial_reset_timestamp": 1556105323.5854905, "timestamps": [1556105326.0129118], "episode_lengths": [1008], "episode_rewards": [-21.0], "episode_types": ["t"]}