{"initial_reset_timestamp": 1556046596.2163558, "timestamps": [1556046599.8398075], "episode_lengths": [1032], "episode_rewards": [-21.0], "episode_types": ["t"]}