{"initial_reset_timestamp": 1556091682.2031565, "timestamps": [1556091684.2838643], "episode_lengths": [1100], "episode_rewards": [-21.0], "episode_types": ["t"]}