{"initial_reset_timestamp": 1556100176.9914675, "timestamps": [1556100179.408319], "episode_lengths": [1028], "episode_rewards": [-21.0], "episode_types": ["t"]}