{"initial_reset_timestamp": 1556126535.703086, "timestamps": [1556126537.6833978], "episode_lengths": [1010], "episode_rewards": [-21.0], "episode_types": ["t"]}