{"initial_reset_timestamp": 1556103602.4348493, "timestamps": [1556103604.6411154], "episode_lengths": [1095], "episode_rewards": [-21.0], "episode_types": ["t"]}