{"initial_reset_timestamp": 1556101885.7388513, "timestamps": [1556101887.7767148], "episode_lengths": [1020], "episode_rewards": [-21.0], "episode_types": ["t"]}