{"initial_reset_timestamp": 1556115574.571951, "timestamps": [1556115576.6354582], "episode_lengths": [1012], "episode_rewards": [-21.0], "episode_types": ["t"]}