{"initial_reset_timestamp": 1556086631.6194015, "timestamps": [1556086637.5197124], "episode_lengths": [1022], "episode_rewards": [-21.0], "episode_types": ["t"]}