{"initial_reset_timestamp": 1556107037.0428371, "timestamps": [1556107039.0940003], "episode_lengths": [1023], "episode_rewards": [-21.0], "episode_types": ["t"]}