{"initial_reset_timestamp": 1556110456.8809485, "timestamps": [1556110458.9350395], "episode_lengths": [1018], "episode_rewards": [-21.0], "episode_types": ["t"]}