{"initial_reset_timestamp": 1556128231.4747274, "timestamps": [1556128233.5732386], "episode_lengths": [1029], "episode_rewards": [-21.0], "episode_types": ["t"]}