{"initial_reset_timestamp": 1556108745.9286785, "timestamps": [1556108748.090829], "episode_lengths": [1084], "episode_rewards": [-21.0], "episode_types": ["t"]}