{"initial_reset_timestamp": 1556088268.1166625, "timestamps": [1556088270.2776144], "episode_lengths": [1193], "episode_rewards": [-21.0], "episode_types": ["t"]}