{"initial_reset_timestamp": 1557073663.1302385, "timestamps": [1557073663.6926296], "episode_lengths": [14], "episode_rewards": [14.0], "episode_types": ["t"]}