{"initial_reset_timestamp": 1557075145.1162364, "timestamps": [1557075145.5477147], "episode_lengths": [9], "episode_rewards": [9.0], "episode_types": ["t"]}