{"initial_reset_timestamp": 1557075227.5640912, "timestamps": [1557075228.356166], "episode_lengths": [32], "episode_rewards": [32.0], "episode_types": ["t"]}