{"initial_reset_timestamp": 1557063341.439986, "timestamps": [1557063342.1664152], "episode_lengths": [28], "episode_rewards": [28.0], "episode_types": ["t"]}