{"initial_reset_timestamp": 1557163919.7703397, "timestamps": [1557163928.245386], "episode_lengths": [1000], "episode_rewards": [-836.7048603774194], "episode_types": ["t"]}