{"initial_reset_timestamp": 1557169189.7431066, "timestamps": [1557169197.9091856], "episode_lengths": [1000], "episode_rewards": [1017.6712786563731], "episode_types": ["t"]}